{"cameraMode":{"drawMode":0,"name":"Shaded","section":"Shading Mode"},"sceneLighting":true,"audioPlay":false,"sceneViewState":{"showFog":true,"showMaterialUpdate":false,"showSkybox":true,"showFlares":true,"showImageEffects":true,"showParticleSystems":true},"in2DMode":false,"pivot":{"x":1.330824851989746,"y":1.6568052768707276,"z":3.889213800430298},"rotation":{"x":-0.1807507425546646,"y":0.676496148109436,"z":-0.17677974700927735,"w":-0.6916871666908264},"size":6.860744953155518,"orthographic":false}