{"cameraMode":{"drawMode":0,"name":"Shaded","section":"Shading Mode"},"sceneLighting":true,"audioPlay":false,"sceneViewState":{"showFog":true,"showMaterialUpdate":false,"showSkybox":true,"showFlares":true,"showImageEffects":true,"showParticleSystems":true},"in2DMode":false,"pivot":{"x":-131.76251220703126,"y":-6.330400466918945,"z":24.562829971313478},"rotation":{"x":0.1565382480621338,"y":-0.7452259063720703,"z":0.18807564675807954,"w":0.6203340888023377},"size":10.41224193572998,"orthographic":false}