{"cameraMode":{"drawMode":0,"name":"Shaded","section":"Shading Mode"},"sceneLighting":true,"audioPlay":false,"sceneViewState":{"showFog":true,"showMaterialUpdate":false,"showSkybox":true,"showFlares":true,"showImageEffects":true,"showParticleSystems":true},"in2DMode":false,"pivot":{"x":-110.26905059814453,"y":-2.194077968597412,"z":161.92552185058595},"rotation":{"x":0.03299221396446228,"y":-0.010494332760572434,"z":0.00034576881444081664,"w":0.999403178691864},"size":67.52405548095703,"orthographic":false}