{"cameraMode":{"drawMode":0,"name":"Shaded","section":"Shading Mode"},"sceneLighting":true,"audioPlay":false,"sceneViewState":{"showFog":true,"showMaterialUpdate":false,"showSkybox":true,"showFlares":true,"showImageEffects":true,"showParticleSystems":true},"in2DMode":false,"pivot":{"x":-6.11056661605835,"y":-34.8882942199707,"z":29.648122787475587},"rotation":{"x":-0.4254927933216095,"y":0.006824413780122995,"z":-0.0031927311792969705,"w":-0.9049756526947022},"size":28.183494567871095,"orthographic":false}