{"cameraMode":{"drawMode":0,"name":"Shaded","section":"Shading Mode"},"sceneLighting":true,"audioPlay":false,"sceneViewState":{"showFog":true,"showMaterialUpdate":false,"showSkybox":true,"showFlares":true,"showImageEffects":true,"showParticleSystems":true},"in2DMode":false,"pivot":{"x":311.26727294921877,"y":28.859704971313478,"z":437.6092224121094},"rotation":{"x":-0.012117612175643444,"y":-0.17225176095962525,"z":-0.0021094747353345157,"w":0.9850132465362549},"size":28.183494567871095,"orthographic":false}