{"cameraMode":{"drawMode":0,"name":"Shaded","section":"Shading Mode"},"sceneLighting":true,"audioPlay":false,"sceneViewState":{"showFog":true,"showMaterialUpdate":false,"showSkybox":true,"showFlares":true,"showImageEffects":true,"showParticleSystems":true},"in2DMode":false,"pivot":{"x":-97.04963684082031,"y":-2.1469650268554689,"z":37.34218215942383},"rotation":{"x":0.5000312924385071,"y":-0.34139591455459597,"z":0.22349302470684052,"w":0.763867199420929},"size":12.292545318603516,"orthographic":false}