{"cameraMode":{"drawMode":0,"name":"Shaded","section":"Shading Mode"},"sceneLighting":false,"audioPlay":false,"sceneViewState":{"showFog":true,"showMaterialUpdate":false,"showSkybox":false,"showFlares":true,"showImageEffects":true,"showParticleSystems":true},"in2DMode":false,"pivot":{"x":-12.87674617767334,"y":0.6642825603485107,"z":-5.8662519454956059},"rotation":{"x":-0.1130470260977745,"y":0.7275962233543396,"z":-0.12362761795520783,"w":-0.6652905344963074},"size":1.892738938331604,"orthographic":false}