{"cameraMode":{"drawMode":0,"name":"Shaded","section":"Shading Mode"},"sceneLighting":false,"audioPlay":false,"sceneViewState":{"showFog":true,"showMaterialUpdate":false,"showSkybox":false,"showFlares":true,"showImageEffects":true,"showParticleSystems":true},"in2DMode":false,"pivot":{"x":12.445539474487305,"y":16.400493621826173,"z":25.984905242919923},"rotation":{"x":-0.1130470260977745,"y":0.7275962233543396,"z":-0.12362761795520783,"w":-0.6652905344963074},"size":3.4438703060150148,"orthographic":false}