{"cameraMode":{"drawMode":0,"name":"Shaded","section":"Shading Mode"},"sceneLighting":true,"audioPlay":false,"sceneViewState":{"showFog":true,"showMaterialUpdate":false,"showSkybox":true,"showFlares":true,"showImageEffects":true,"showParticleSystems":true},"in2DMode":false,"pivot":{"x":13.862600326538086,"y":1.268933892250061,"z":7.556163311004639},"rotation":{"x":0.4078802764415741,"y":0.2649501860141754,"z":-0.12500612437725068,"w":0.8648594617843628},"size":0.8660253882408142,"orthographic":false}