{"cameraMode":{"drawMode":0,"name":"Shaded","section":"Shading Mode"},"sceneLighting":false,"audioPlay":false,"sceneViewState":{"showFog":true,"showMaterialUpdate":false,"showSkybox":false,"showFlares":true,"showImageEffects":true,"showParticleSystems":true},"in2DMode":false,"pivot":{"x":4.122201442718506,"y":15.05561351776123,"z":-11.285323143005371},"rotation":{"x":0.1665157526731491,"y":-0.19684554636478425,"z":0.033714659512043,"w":0.9657383561134338},"size":0.8660253882408142,"orthographic":false}