{"cameraMode":{"drawMode":0,"name":"Shaded","section":"Shading Mode"},"sceneLighting":false,"audioPlay":false,"sceneViewState":{"showFog":true,"showMaterialUpdate":false,"showSkybox":false,"showFlares":true,"showImageEffects":true,"showParticleSystems":true},"in2DMode":false,"pivot":{"x":14.039999961853028,"y":0.10000000149011612,"z":9.59000015258789},"rotation":{"x":-0.28756511211395266,"y":0.6953955888748169,"z":-0.3644489347934723,"w":-0.548815131187439},"size":1.0653637647628785,"orthographic":false}