{"cameraMode":{"drawMode":0,"name":"Shaded","section":"Shading Mode"},"sceneLighting":false,"audioPlay":false,"sceneViewState":{"showFog":true,"showMaterialUpdate":false,"showSkybox":false,"showFlares":true,"showImageEffects":true,"showParticleSystems":true},"in2DMode":false,"pivot":{"x":-179.43138122558595,"y":0.0000022649765014648439,"z":-3.185790777206421},"rotation":{"x":0.12551991641521455,"y":0.8574263453483582,"z":-0.43273836374282839,"w":0.24868611991405488},"size":0.8660253882408142,"orthographic":false}