{"cameraMode":{"drawMode":0,"name":"Shaded","section":"Shading Mode"},"sceneLighting":true,"audioPlay":false,"sceneViewState":{"showFog":true,"showMaterialUpdate":false,"showSkybox":true,"showFlares":true,"showImageEffects":true,"showParticleSystems":true},"in2DMode":false,"pivot":{"x":806.0575561523438,"y":378.63726806640627,"z":411.5889892578125},"rotation":{"x":0.15794864296913148,"y":0.06864752620458603,"z":-0.011126627214252949,"w":0.9850742816925049},"size":852.3265991210938,"orthographic":false}