{"cameraMode":{"drawMode":0,"name":"Shaded","section":"Shading Mode"},"sceneLighting":false,"audioPlay":false,"sceneViewState":{"showFog":true,"showMaterialUpdate":false,"showSkybox":false,"showFlares":true,"showImageEffects":true,"showParticleSystems":true},"in2DMode":false,"pivot":{"x":7.440000057220459,"y":2.1600000858306886,"z":12.65999984741211},"rotation":{"x":-0.06454375386238098,"y":-0.2770710289478302,"z":0.01853330247104168,"w":-0.9585467576980591},"size":0.8660253882408142,"orthographic":false}