{"cameraMode":{"drawMode":0,"name":"Shaded","section":"Shading Mode"},"sceneLighting":true,"audioPlay":false,"sceneViewState":{"showFog":true,"showMaterialUpdate":false,"showSkybox":true,"showFlares":true,"showImageEffects":true,"showParticleSystems":true},"in2DMode":false,"pivot":{"x":-104.0660171508789,"y":36.68424987792969,"z":16.737091064453126},"rotation":{"x":-0.36056560277938845,"y":0.6373976469039917,"z":-0.4485284984111786,"w":-0.512391984462738},"size":1.211625576019287,"orthographic":false}