{"cameraMode":{"drawMode":0,"name":"Shaded","section":"Shading Mode"},"sceneLighting":true,"audioPlay":false,"sceneViewState":{"showFog":true,"showMaterialUpdate":false,"showSkybox":true,"showFlares":true,"showImageEffects":true,"showParticleSystems":true},"in2DMode":false,"pivot":{"x":153.81723022460938,"y":56.28660202026367,"z":122.80204772949219},"rotation":{"x":-0.01215787511318922,"y":0.3305678367614746,"z":0.004323743749409914,"w":0.9438053369522095},"size":0.8660253882408142,"orthographic":false}