{"cameraMode":{"drawMode":2,"name":"Shaded Wireframe","section":"Shading Mode"},"sceneLighting":true,"audioPlay":false,"sceneViewState":{"showFog":true,"showMaterialUpdate":false,"showSkybox":true,"showFlares":true,"showImageEffects":true,"showParticleSystems":true},"in2DMode":false,"pivot":{"x":10.765579223632813,"y":3.8429508209228517,"z":-6.8352227210998539},"rotation":{"x":0.007607733830809593,"y":-0.8206135034561157,"z":0.010424141772091389,"w":0.571546196937561},"size":0.8660253882408142,"orthographic":false}