{"cameraMode":{"drawMode":0,"name":"Shaded","section":"Shading Mode"},"sceneLighting":true,"audioPlay":false,"sceneViewState":{"showFog":true,"showMaterialUpdate":false,"showSkybox":true,"showFlares":true,"showImageEffects":true,"showParticleSystems":true},"in2DMode":false,"pivot":{"x":-55.508705139160159,"y":25.89438247680664,"z":-9.739413261413575},"rotation":{"x":-0.00920871365815401,"y":-0.5977033376693726,"z":-0.0072278776206076149,"w":0.8017832040786743},"size":10.0,"orthographic":false}