{
    "name": "root",
    "metadata": {
        "timer_format_version": "0.1.0",
        "start_time_seconds": "1594790649",
        "python_version": "3.7.7 (default, May  6 2020, 11:45:54) [MSC v.1916 64 bit (AMD64)]",
        "command_line_arguments": "C:\\Users\\user\\anaconda3\\envs\\ml-agents\\Scripts\\mlagents-learn Drone.yaml --run-id=DroneTest01 --force",
        "mlagents_version": "0.17.0",
        "mlagents_envs_version": "0.17.0",
        "communication_protocol_version": "1.0.0",
        "tensorflow_version": "2.2.0",
        "end_time_seconds": "1594790691"
    },
    "total": 42.3530162,
    "count": 1,
    "self": 0.006479499999997529,
    "children": {
        "run_training.setup": {
            "total": 0.0076877999999998,
            "count": 1,
            "self": 0.0076877999999998
        },
        "TrainerController.start_learning": {
            "total": 42.3388489,
            "count": 1,
            "self": 2.616361500000103,
            "children": {
                "TrainerController._reset_env": {
                    "total": 4.2012426000000005,
                    "count": 1,
                    "self": 4.2012426000000005
                },
                "TrainerController.advance": {
                    "total": 35.3651177999999,
                    "count": 5156,
                    "self": 0.05838190000003607,
                    "children": {
                        "env_step": {
                            "total": 35.306735899999865,
                            "count": 5156,
                            "self": 32.29361629999985,
                            "children": {
                                "SubprocessEnvManager._take_step": {
                                    "total": 2.9525443000000333,
                                    "count": 5156,
                                    "self": 0.12657440000018472,
                                    "children": {
                                        "NNPolicy.evaluate": {
                                            "total": 2.8259698999998486,
                                            "count": 4784,
                                            "self": 2.8259698999998486
                                        }
                                    }
                                },
                                "workers": {
                                    "total": 0.06057529999998312,
                                    "count": 5155,
                                    "self": 0.0,
                                    "children": {
                                        "worker_root": {
                                            "total": 37.71819430000008,
                                            "count": 5155,
                                            "is_parallel": true,
                                            "self": 10.16467609999998,
                                            "children": {
                                                "steps_from_proto": {
                                                    "total": 0.0003286000000004563,
                                                    "count": 1,
                                                    "is_parallel": true,
                                                    "self": 0.00015139999999913556,
                                                    "children": {
                                                        "_process_vector_observation": {
                                                            "total": 0.00017720000000132075,
                                                            "count": 2,
                                                            "is_parallel": true,
                                                            "self": 0.00017720000000132075
                                                        }
                                                    }
                                                },
                                                "UnityEnvironment.step": {
                                                    "total": 27.5531896000001,
                                                    "count": 5155,
                                                    "is_parallel": true,
                                                    "self": 0.4334493000003228,
                                                    "children": {
                                                        "UnityEnvironment._generate_step_input": {
                                                            "total": 0.251390199999884,
                                                            "count": 5155,
                                                            "is_parallel": true,
                                                            "self": 0.251390199999884
                                                        },
                                                        "communicator.exchange": {
                                                            "total": 25.784917899999844,
                                                            "count": 5155,
                                                            "is_parallel": true,
                                                            "self": 25.784917899999844
                                                        },
                                                        "steps_from_proto": {
                                                            "total": 1.083432200000046,
                                                            "count": 5155,
                                                            "is_parallel": true,
                                                            "self": 0.3765748000002205,
                                                            "children": {
                                                                "_process_vector_observation": {
                                                                    "total": 0.7068573999998256,
                                                                    "count": 10310,
                                                                    "is_parallel": true,
                                                                    "self": 0.7068573999998256
                                                                }
                                                            }
                                                        }
                                                    }
                                                }
                                            }
                                        }
                                    }
                                }
                            }
                        }
                    }
                },
                "trainer_threads": {
                    "total": 5.589999999955353e-05,
                    "count": 1,
                    "self": 5.589999999955353e-05,
                    "children": {
                        "thread_root": {
                            "total": 0.0,
                            "count": 0,
                            "is_parallel": true,
                            "self": 0.0,
                            "children": {
                                "trainer_advance": {
                                    "total": 36.51440259999963,
                                    "count": 18324,
                                    "is_parallel": true,
                                    "self": 0.5823943999993304,
                                    "children": {
                                        "process_trajectory": {
                                            "total": 35.9320082000003,
                                            "count": 18324,
                                            "is_parallel": true,